,0,1,2,3,4,5,6
0,ID,USERNAME,STATUS,COMPUTERNAME,EXTRA1,EXTRA2,ATTEMPT_AT
1,1,admin,Login Success,DESKTOP-6P81JCN,,,2023-02-01 13:55:20
2,2,user ,Incorrect Credential,DESKTOP-6P81JCN,,,2023-02-01 13:57:06
3,3,user,Login Success,DESKTOP-6P81JCN,,,2023-02-01 13:57:11
4,4,admin,Login Success,DESKTOP-6P81JCN,,,2023-02-01 13:57:40
5,5,admin,Login Success,DESKTOP-6P81JCN,,,2023-02-01 14:44:48
6,6,admin,Incorrect Credential,DESKTOP-6P81JCN,,,2023-02-01 15:15:54
7,7,admin,Login Success,DESKTOP-6P81JCN,,,2023-02-01 15:15:58
8,8,admin,Changed Password,DESKTOP-6P81JCN,,,2023-02-01 15:28:14
9,9,admin,Login Success,DESKTOP-6P81JCN,,,2023-02-01 15:28:27
10,10,user,Login Success,DESKTOP-6P81JCN,,,2023-02-01 17:56:23
11,11,user,Incorrect Credential,DESKTOP-6P81JCN,,,2023-02-01 17:56:44
12,12,adminr,Incorrect Credential,DESKTOP-6P81JCN,,,2023-02-01 17:56:51
13,13,adminr,Incorrect Credential,DESKTOP-6P81JCN,,,2023-02-01 17:56:55
14,14,admin,Login Success,DESKTOP-6P81JCN,,,2023-02-01 17:57:02
15,15,admin,Login Success,DESKTOP-6P81JCN,,,2023-02-02 10:40:37
16,16,admin,Login Success,DESKTOP-6P81JCN,,,2023-02-09 11:42:34
17,17,admin,Login Success,DESKTOP-6P81JCN,,,2023-02-10 10:04:07
18,18,admin,Incorrect Credential,DESKTOP-6P81JCN,,,2023-02-28 10:58:46
19,19,admin,Incorrect Credential,DESKTOP-6P81JCN,,,2023-02-28 10:59:14
20,20,admin,Incorrect Credential,DESKTOP-6P81JCN,,,2023-02-28 11:06:23
21,21,Admin,Login Success,DESKTOP-6P81JCN,,,2023-02-28 11:07:04
22,22,Admin,Login Success,DESKTOP-6P81JCN,,,2023-02-28 11:23:38
23,23,Admin,Login Success,DESKTOP-6P81JCN,,,2023-02-28 11:25:36
24,24,Admin,Login Success,DESKTOP-6P81JCN,,,2023-02-28 11:30:31
25,25,Admin,Login Success,DESKTOP-6P81JCN,,,2023-02-28 11:34:01
26,26,Admin,Login Success,DESKTOP-6P81JCN,,,2023-02-28 11:35:04
27,27,Admin,Login Success,DESKTOP-6P81JCN,,,2023-02-28 11:36:06
28,28,Admin,Login Success,DESKTOP-6P81JCN,,,2023-02-28 11:37:29
29,29,Admin,Login Success,DESKTOP-6P81JCN,,,2023-02-28 11:46:30
30,30,Admin,Login Success,DESKTOP-6P81JCN,,,2023-02-28 11:49:14
31,31,user2,Login Success,DESKTOP-6P81JCN,,,2023-02-28 11:50:19
32,32,Admin,Login Success,DESKTOP-6P81JCN,,,2023-02-28 13:34:17
33,33,Admin,Login Success,DESKTOP-6P81JCN,,,2023-02-28 13:35:44
34,34,Admin,Login Success,DESKTOP-6P81JCN,,,2023-02-28 13:38:54
35,35,Admin,Login Success,DESKTOP-6P81JCN,,,2023-02-28 13:39:40
36,36,Admin,Login Success,DESKTOP-6P81JCN,,,2023-02-28 13:40:18
37,37,Admin,Login Success,DESKTOP-6P81JCN,,,2023-02-28 13:40:54
38,38,Admin,Login Success,DESKTOP-6P81JCN,,,2023-02-28 13:41:38
39,39,Admin,Login Success,DESKTOP-6P81JCN,,,2023-02-28 13:43:10
40,40,Admin,Login Success,DESKTOP-6P81JCN,,,2023-02-28 13:43:51
41,41,Admin,Login Success,DESKTOP-6P81JCN,,,2023-02-28 13:45:08
42,42,Admin,Login Success,DESKTOP-6P81JCN,,,2023-02-28 13:46:45
43,43,Admin,Login Success,DESKTOP-6P81JCN,,,2023-02-28 13:48:01
44,44,Admin,Login Success,DESKTOP-6P81JCN,,,2023-02-28 13:48:21
45,45,Admin,Login Success,DESKTOP-6P81JCN,,,2023-02-28 13:50:10
46,46,Admin,Login Success,DESKTOP-6P81JCN,,,2023-02-28 13:50:56
47,47,Admin,Login Success,DESKTOP-6P81JCN,,,2023-02-28 13:54:14
48,48,Admin,Login Success,DESKTOP-6P81JCN,,,2023-02-28 13:55:11
49,49,Admin,Login Success,DESKTOP-6P81JCN,,,2023-02-28 13:57:30
50,50,Admin,Login Success,DESKTOP-6P81JCN,,,2023-02-28 13:58:38
51,51,Admin,Login Success,DESKTOP-6P81JCN,,,2023-02-28 13:59:17
52,52,Admin,Login Success,DESKTOP-6P81JCN,,,2023-02-28 14:04:28
53,53,Admin,Login Success,DESKTOP-6P81JCN,,,2023-02-28 14:09:23
54,54,Admin,Login Success,DESKTOP-6P81JCN,,,2023-02-28 14:13:48
55,55,admin ,Login Success,DESKTOP-6P81JCN,,,2023-02-28 14:18:26
56,56,admin ,Login Success,DESKTOP-6P81JCN,,,2023-02-28 14:19:02
57,57,admin,Login Success,DESKTOP-6P81JCN,,,2023-02-28 14:19:57
58,58,ajay,Login Success,DESKTOP-6P81JCN,,,2023-02-28 14:20:43
59,59,test1,Incorrect Credential,DESKTOP-6P81JCN,,,2023-02-28 14:21:20
60,60,Admin,Incorrect Credential,DESKTOP-6P81JCN,,,2023-02-28 14:26:13
61,61,admin,Incorrect Credential,DESKTOP-6P81JCN,,,2023-02-28 14:35:03
62,62,admin,Login Success,DESKTOP-6P81JCN,,,2023-02-28 14:39:04
63,63,admin,Login Success,DESKTOP-6P81JCN,,,2023-02-28 17:55:47
64,64,admin,Incorrect Credential,DESKTOP-6P81JCN,,,2023-03-01 11:39:15
65,65,admin,Incorrect Credential,DESKTOP-6P81JCN,,,2023-03-01 11:41:04
66,66,admin,Incorrect Credential,DESKTOP-6P81JCN,,,2023-03-01 11:41:16
67,67,admin,Incorrect Credential,DESKTOP-6P81JCN,,,2023-03-01 11:41:17
68,68,admin,Incorrect Credential,DESKTOP-6P81JCN,,,2023-03-01 11:41:18
69,69,secretadmin,Incorrect Credential,DESKTOP-6P81JCN,,,2023-03-02 11:03:39
70,70,secretadmin,Incorrect Credential,DESKTOP-6P81JCN,,,2023-03-02 11:03:51
71,71,secretadmin,Login Success,DESKTOP-6P81JCN,,,2023-03-02 11:26:25
72,72,admin,Login Success,DESKTOP-6P81JCN,,,2023-03-02 11:27:28
73,73,admin,Incorrect Credential,DESKTOP-6P81JCN,,,2023-03-02 11:27:58
74,74,admin,Incorrect Credential,DESKTOP-6P81JCN,,,2023-03-02 11:27:59
75,75,admin,Incorrect Credential,DESKTOP-6P81JCN,,,2023-03-02 11:27:59
76,76,admin,Incorrect Credential,DESKTOP-6P81JCN,,,2023-03-02 11:28:00
77,77,admin,Incorrect Credential,DESKTOP-6P81JCN,,,2023-03-02 11:28:01
78,78,secretadmin,Login Success,DESKTOP-6P81JCN,,,2023-03-02 11:28:28
79,79,admin,Login Success,DESKTOP-6P81JCN,,,2023-03-02 11:29:10
80,80,admin,Login Success,DESKTOP-6P81JCN,,,2023-03-02 11:30:14
81,81,admin,Incorrect Credential,DESKTOP-6P81JCN,,,2023-03-02 11:55:22
82,82,admin,Incorrect Credential,DESKTOP-6P81JCN,,,2023-03-02 11:55:23
83,83,admin,Incorrect Credential,DESKTOP-6P81JCN,,,2023-03-02 11:55:24
84,84,admin,Login Success,DESKTOP-6P81JCN,,,2023-03-02 11:55:31
85,85,admin,Incorrect Credential,DESKTOP-6P81JCN,,,2023-03-02 11:55:45
86,86,admin,Incorrect Credential,DESKTOP-6P81JCN,,,2023-03-02 11:55:46
87,87,admin,Incorrect Credential,DESKTOP-6P81JCN,,,2023-03-02 11:55:46
88,88,admin,Incorrect Credential,DESKTOP-6P81JCN,,,2023-03-02 11:55:47
89,89,admin,Incorrect Credential,DESKTOP-6P81JCN,,,2023-03-02 11:55:47
90,90,secretadmin,Incorrect Credential,DESKTOP-6P81JCN,,,2023-03-02 11:56:07
91,91,secretadmin,Login Success,DESKTOP-6P81JCN,,,2023-03-02 11:56:52
92,92,admind,Incorrect Credential,DESKTOP-6P81JCN,,,2023-03-02 11:57:36
93,93,secretadmin,Login Success,DESKTOP-6P81JCN,,,2023-03-02 11:58:04
94,94,secretadmin,Login Success,DESKTOP-6P81JCN,,,2023-03-02 12:04:56
95,95,admin,Incorrect Credential,DESKTOP-6P81JCN,,,2023-03-02 12:05:15
96,96,admin,Incorrect Credential,DESKTOP-6P81JCN,,,2023-03-02 12:05:16
97,97,admin,Login Success,DESKTOP-6P81JCN,,,2023-03-02 12:05:19
98,98,admin,Login Success,DESKTOP-6P81JCN,,,2023-03-02 12:07:35
99,99,user1,Incorrect Credential,DESKTOP-6P81JCN,,,2023-03-02 12:08:02
100,100,user1,Incorrect Credential,DESKTOP-6P81JCN,,,2023-03-02 12:08:03
101,101,user1,Incorrect Credential,DESKTOP-6P81JCN,,,2023-03-02 12:08:03
102,102,user1,Incorrect Credential,DESKTOP-6P81JCN,,,2023-03-02 12:08:04
103,103,user1,Incorrect Credential,DESKTOP-6P81JCN,,,2023-03-02 12:08:09
104,104,admin,Incorrect Credential,DESKTOP-6P81JCN,,,2023-03-02 12:08:18
105,105,admin,Login Success,DESKTOP-6P81JCN,,,2023-03-02 12:08:22
106,106,user1,Login Success,DESKTOP-6P81JCN,,,2023-03-02 12:09:11
107,107,admin,Incorrect Credential,DESKTOP-6P81JCN,,,2023-03-02 12:44:19
108,108,admin,Incorrect Credential,DESKTOP-6P81JCN,,,2023-03-02 12:44:21
109,109,admin,Incorrect Credential,DESKTOP-6P81JCN,,,2023-03-02 12:44:22
110,110,admin,Incorrect Credential,DESKTOP-6P81JCN,,,2023-03-02 12:44:22
111,111,admin,Incorrect Credential,DESKTOP-6P81JCN,,,2023-03-02 12:44:22
112,112,secretadmin,Incorrect Credential,DESKTOP-6P81JCN,,,2023-03-02 12:44:40
113,113,secretadmin,Incorrect Credential,DESKTOP-6P81JCN,,,2023-03-02 12:44:41
114,114,secretadmin,Incorrect Credential,DESKTOP-6P81JCN,,,2023-03-02 12:44:42
115,115,secretadmin,Incorrect Credential,DESKTOP-6P81JCN,,,2023-03-02 12:44:42
116,116,secretadmin,Incorrect Credential,DESKTOP-6P81JCN,,,2023-03-02 12:44:42
117,117,secretadmin,Incorrect Credential,DESKTOP-6P81JCN,,,2023-03-02 12:44:42
118,118,secretadmin,Incorrect Credential,DESKTOP-6P81JCN,,,2023-03-02 12:44:43
119,119,secretadmin,Incorrect Credential,DESKTOP-6P81JCN,,,2023-03-02 12:44:43
120,120,secretadmin,Incorrect Credential,DESKTOP-6P81JCN,,,2023-03-02 12:44:44
121,121,secretadmin,Incorrect Credential,DESKTOP-6P81JCN,,,2023-03-02 12:44:44
122,122,secretadmin,Incorrect Credential,DESKTOP-6P81JCN,,,2023-03-02 12:44:45
123,123,secretadmin,Login Success,DESKTOP-6P81JCN,,,2023-03-02 12:44:53
124,124,secretadmin,Incorrect Credential,DESKTOP-6P81JCN,,,2023-03-02 12:45:31
125,125,secretadmin,Login Success,DESKTOP-6P81JCN,,,2023-03-02 12:45:44
126,126,secretadmin,Login Success,DESKTOP-6P81JCN,,,2023-03-02 12:46:20
127,127,admin,Login Success,DESKTOP-6P81JCN,,,2023-03-02 12:46:39
128,128,admin,Login Success,DESKTOP-6P81JCN,,,2023-03-02 12:53:16
129,129,admin,Login Success,DESKTOP-6P81JCN,,,2023-03-02 12:56:09
130,130,admin,Login Success,DESKTOP-6P81JCN,,,2023-03-02 12:59:07
131,131,admin,Login Success,DESKTOP-6P81JCN,,,2023-03-02 13:00:10
132,132,admin,Incorrect Credential,DESKTOP-6P81JCN,,,2023-03-02 13:00:35
133,133,admin,Incorrect Credential,DESKTOP-6P81JCN,,,2023-03-02 13:00:36
134,134,admin,Incorrect Credential,DESKTOP-6P81JCN,,,2023-03-02 13:00:36
135,135,admin,Incorrect Credential,DESKTOP-6P81JCN,,,2023-03-02 13:00:36
136,136,admin,Incorrect Credential,DESKTOP-6P81JCN,,,2023-03-02 13:00:36
137,137,secretadmin,Login Success,DESKTOP-6P81JCN,,,2023-03-02 13:00:55
138,138,secretadmin,Login Success,DESKTOP-6P81JCN,,,2023-03-02 13:02:32
139,139,admin,Incorrect Credential,DESKTOP-6P81JCN,,,2023-03-02 13:02:52
140,140,admin,Login Success,DESKTOP-6P81JCN,,,2023-03-02 13:02:56
141,141,secretadmin,Changed Password,DESKTOP-6P81JCN,,,2023-03-02 13:04:03
142,142,secretadmin,Incorrect Credential,DESKTOP-6P81JCN,,,2023-03-02 13:04:16
143,143,secretadmin,Login Success,DESKTOP-6P81JCN,,,2023-03-02 13:04:21
144,144,admin,Login Success,DESKTOP-6P81JCN,,,2023-03-02 13:05:03
145,145,user2,Incorrect Credential,DESKTOP-6P81JCN,,,2023-03-02 13:06:19
146,146,user1,Incorrect Credential,DESKTOP-6P81JCN,,,2023-03-02 13:06:23
147,147,user1,Incorrect Credential,DESKTOP-6P81JCN,,,2023-03-02 13:06:27
148,148,user1,Incorrect Credential,DESKTOP-6P81JCN,,,2023-03-02 13:06:27
149,149,user2,Incorrect Credential,DESKTOP-6P81JCN,,,2023-03-02 13:06:31
150,150,user2,Login Success,DESKTOP-6P81JCN,,,2023-03-02 13:06:42
151,151,admin,Incorrect Credential,DESKTOP-6P81JCN,,,2023-03-02 13:07:02
152,152,user2,Incorrect Credential,DESKTOP-6P81JCN,,,2023-03-02 13:07:08
153,153,user1,Incorrect Credential,DESKTOP-6P81JCN,,,2023-03-02 13:07:13
154,154,user1,Incorrect Credential,DESKTOP-6P81JCN,,,2023-03-02 13:07:14
155,155,admin,Incorrect Credential,DESKTOP-6P81JCN,,,2023-03-02 13:07:19
156,156,admin,Login Success,DESKTOP-6P81JCN,,,2023-03-02 13:07:27
157,157,user1,Incorrect Credential,DESKTOP-6P81JCN,,,2023-03-02 13:08:23
158,158,user1,Incorrect Credential,DESKTOP-6P81JCN,,,2023-03-02 13:08:35
159,159,user2,Login Success,DESKTOP-6P81JCN,,,2023-03-02 13:08:39
160,160,secretadmin,Incorrect Credential,DESKTOP-6P81JCN,,,2023-03-02 13:09:05
161,161,secretadmin,Login Success,DESKTOP-6P81JCN,,,2023-03-02 13:09:09
162,162,admin,Changed Password,DESKTOP-6P81JCN,,,2023-03-02 13:26:38
163,163,admin,Login Success,DESKTOP-6P81JCN,,,2023-03-02 13:26:49
164,164,admin,Incorrect Credential,DESKTOP-6P81JCN,,,2023-03-02 13:27:03
165,165,admin,Incorrect Credential,DESKTOP-6P81JCN,,,2023-03-02 13:27:05
166,166,admin,Incorrect Credential,DESKTOP-6P81JCN,,,2023-03-02 13:27:06
167,167,admin,Incorrect Credential,DESKTOP-6P81JCN,,,2023-03-02 13:27:07
168,168,admin,Incorrect Credential,DESKTOP-6P81JCN,,,2023-03-02 13:27:09
169,169,user1,Incorrect Credential,DESKTOP-6P81JCN,,,2023-03-02 13:27:19
170,170,user1,Incorrect Credential,DESKTOP-6P81JCN,,,2023-03-02 13:27:21
171,171,user2,Login Success,DESKTOP-6P81JCN,,,2023-03-02 13:27:27
172,172,secretadmin,Incorrect Credential,DESKTOP-6P81JCN,,,2023-03-02 13:28:15
173,173,secretadmin,Incorrect Credential,DESKTOP-6P81JCN,,,2023-03-02 13:28:15
174,174,secretadmin,Incorrect Credential,DESKTOP-6P81JCN,,,2023-03-02 13:28:16
175,175,secretadmin,Incorrect Credential,DESKTOP-6P81JCN,,,2023-03-02 13:28:16
176,176,secretadmin,Incorrect Credential,DESKTOP-6P81JCN,,,2023-03-02 13:28:16
177,177,secretadmin,Incorrect Credential,DESKTOP-6P81JCN,,,2023-03-02 13:28:17
178,178,secretadmin,Incorrect Credential,DESKTOP-6P81JCN,,,2023-03-02 13:28:18
179,179,secretadmin,Incorrect Credential,DESKTOP-6P81JCN,,,2023-03-02 13:28:18
180,180,secretadmin,Incorrect Credential,DESKTOP-6P81JCN,,,2023-03-02 13:28:18
181,181,secretadmin,Incorrect Credential,DESKTOP-6P81JCN,,,2023-03-02 13:28:18
182,182,secretadmin,Incorrect Credential,DESKTOP-6P81JCN,,,2023-03-02 13:28:18
183,183,secretadmin,Incorrect Credential,DESKTOP-6P81JCN,,,2023-03-02 13:28:19
184,184,secretadmin,Incorrect Credential,DESKTOP-6P81JCN,,,2023-03-02 13:28:20
185,185,secretadmin,Login Success,DESKTOP-6P81JCN,,,2023-03-02 13:28:23
186,186,admin,Incorrect Credential,DESKTOP-6P81JCN,,,2023-03-02 13:29:06
187,187,admin,Login Success,DESKTOP-6P81JCN,,,2023-03-02 13:29:14
188,188,secretadmin,Login Success,DESKTOP-6P81JCN,,,2023-03-17 17:17:57
